Entity,Code,Year,GDP per Capita,Region,Population,Outdoor air pollution,High systolic blood pressure,Diet high in sodium,Diet low in whole grains,Alcohol use,Diet low in fruits,Unsafe water source,Secondhand smoke,Low birth weight,Child wasting,Unsafe sex,Diet low in nuts and seeds,Household air pollution from solid fuels,Diet low in vegetables,Low physical activity,Smoking,High fasting plasma glucose,Air pollution,High body-mass index,Unsafe sanitation,No access to handwashing facility,Drug use,Low bone mineral density,Vitamin A deficiency,Child stunting,Discontinued breastfeeding,Non-exclusive breastfeeding,Iron deficiency
Afghanistan,AFG,2019,502,Asia,38041754,9154,36017,1422,10335,583,4583,3751,6062,22132,12285,741,3269,28168,5148,4117,10306,24888,37033,22048,2592,3941,700,632,393,3071,276,1763,761
Albania,ALB,2019,5353,Europe,2880917,1556,7609,2445,1520,737,217,4,774,106,33,66,379,724,51,310,4425,2158,2276,3120,1,8,130,65,0,10,0,4,0
Algeria,DZA,2019,3948,Africa,43053054,22229,58602,1910,14772,1285,2648,277,7670,7092,745,936,5697,66,2741,9580,21555,38978,22162,36087,86,326,1030,1372,3,68,11,146,94
Angola,AGO,2019,17790,Africa,31825295,5713,17686,1289,2013,11906,1579,11143,1634,15876,10766,16383,449,8726,1325,796,7511,10753,14384,6981,6951,7009,557,718,323,1824,131,1680,391
Antigua and Barbuda,ATG,2019,10006,Americas,97118,30,130,11,26,28,6,1,8,4,3,12,4,0,8,18,37,130,30,91,0,2,1,3,0,0,0,0,0
Argentina,ARG,2019,4623,Americas,44780677,13120,59080,7258,11347,20962,2134,315,8578,2662,1539,4661,5374,708,3085,1088,51306,39517,13778,36676,78,933,3062,1572,2,26,4,73,45
Armenia,ARM,2019,25976,Asia,2957731,3243,7789,1062,2446,802,319,3,1006,133,47,172,1031,78,29,596,4864,5442,3287,4463,5,21,96,65,0,7,0,9,1
Australia,AUS,2019,54907,Oceania,25203198,1897,25498,1150,5114,8576,2457,40,1582,376,151,512,826,13,1500,4400,18999,17650,1907,18712,8,90,2673,2184,0,1,0,4,1
Austria,AUT,2019,50277,Europe,8955102,2668,19769,2389,2985,4944,662,3,1206,90,5,270,504,9,799,2258,12314,10910,2655,8982,8,14,594,920,0,0,0,1,0
Azerbaijan,AZE,2019,4794,Asia,10047718,8004,23865,3168,7060,4044,1393,60,3138,1612,674,352,2056,666,156,1312,12497,14434,8643,14333,51,92,347,121,0,81,4,192,5
Bahamas,BHS,2019,32933,Americas,389482,100,586,47,94,146,34,3,33,17,7,116,9,2,23,59,155,405,102,441,1,6,9,17,0,0,0,1,1
Bahrain,BHR,2019,23504,Asia,1641172,643,825,32,259,69,31,6,148,26,5,14,40,2,14,228,545,1278,638,1127,1,5,28,19,0,0,0,0,1
Bangladesh,BGD,2019,1856,Asia,163046161,83912,182937,20995,15559,10147,29969,28158,24664,39237,9415,4349,16094,94789,22467,11297,105712,101377,173515,43803,18748,15542,1384,2204,26,1351,13,1007,1106
Barbados,BRB,2019,18148,Americas,287025,175,555,31,98,126,66,3,29,16,6,53,3,0,34,115,157,631,175,451,1,12,4,13,0,0,0,0,0
Belarus,BLR,2019,6663,Europe,9452411,8483,44187,2407,12391,9807,3574,4,2435,108,36,706,4509,96,1039,3396,20509,11313,8570,19272,3,22,862,399,0,1,0,4,2
Belgium,BEL,2019,46117,Europe,11539328,3807,18655,1980,3346,7237,1316,28,1360,128,343,363,437,6,572,2559,19616,10913,3787,8573,17,78,894,1621,0,0,0,1,0
Belize,BLZ,2019,4815,Americas,390353,95,301,26,48,123,3,9,28,49,19,88,1,30,25,44,138,300,124,298,4,12,7,11,0,1,0,3,1
Benin,BEN,2019,1219,Africa,11801151,2419,7361,802,794,1971,918,4408,656,11211,7148,2224,49,9891,544,325,1938,4696,12238,4072,3338,3689,87,290,471,1858,42,772,309
Bhutan,BTN,2019,3423,Asia,763092,336,702,83,105,84,84,75,68,214,34,46,50,352,65,75,332,477,660,307,58,21,28,50,0,5,0,5,5
Bolivia,BOL,2019,3552,Americas,11513100,4011,9092,1463,1604,3070,824,439,580,2752,1614,1697,77,2276,921,621,3529,9354,6255,8983,230,638,220,510,4,152,7,139,96
Bosnia and Herzegovina,BIH,2019,6073,Europe,3301000,3710,10643,3306,1698,1303,742,3,1310,62,4,165,810,1148,222,722,8700,9091,4837,5845,1,5,190,132,0,0,0,1,0
Botswana,BWA,2019,7961,Africa,2303697,966,2510,165,318,1031,421,398,427,744,489,5580,199,636,222,171,1588,2206,1596,2137,255,392,230,60,5,58,6,63,10
Brazil,BRA,2019,8717,Americas,211049527,47257,239416,30814,33250,77477,11488,4309,27788,21523,11621,22823,816,14016,17701,45559,170120,174198,60915,177940,2450,6101,6892,12135,33,382,128,1145,325
Brunei,BRN,2019,31087,Asia,433285,40,311,70,63,15,48,1,34,18,2,23,4,1,26,35,267,417,40,187,0,2,15,11,0,0,0,0,0
Bulgaria,BGR,2019,9738,Europe,7000119,9226,47209,14933,7343,8139,3361,9,3023,139,40,534,2269,1812,563,2441,20639,21530,11013,22742,1,22,630,292,0,5,1,9,1
Burkina Faso,BFA,2019,775,Africa,20321378,3499,13233,1291,1869,6895,2223,12948,1660,18758,23662,3652,98,24303,1487,331,2990,8600,27717,5798,9803,10209,158,706,642,3641,100,2638,491
Burundi,BDI,2019,261,Africa,10864245,1092,6782,1102,955,5400,317,8097,378,7263,7650,2379,471,10004,797,100,2779,3681,11014,1813,6020,4567,81,265,228,1452,55,508,243
Cambodia,KHM,2019,3604,Asia,16486542,3663,14627,3785,1319,9655,2836,1333,3374,4368,2545,1706,166,14034,2079,681,16459,14155,17622,5255,793,1264,908,961,15,379,5,250,81
Cameroon,CMR,2019,1643,Africa,25876380,10482,18648,1656,1989,8420,1203,15130,1362,13537,15074,22839,34,12068,995,934,5414,11638,22433,13529,10531,9325,393,843,655,2730,260,2971,579
Canada,CAN,2019,1498,Americas,37411047,4393,41799,4296,9228,13622,3645,59,3243,720,316,1021,296,8,2251,5730,49646,30727,4381,29814,70,117,5062,3967,0,1,1,6,3
Cape Verde,CPV,2019,46195,Africa,549935,321,709,64,89,204,81,36,43,78,24,81,10,99,37,40,157,487,420,342,21,69,5,23,0,1,0,3,1
Central African Republic,CAF,2019,468,Africa,4745185,1027,4899,355,554,2358,591,7366,392,5296,7186,5530,13,6961,570,178,1975,3312,7919,1325,5520,3866,177,213,427,1236,68,1333,185
Chad,TCD,2019,710,Africa,15946876,2734,8252,807,1615,3381,1363,26457,1301,15823,32949,4648,165,19066,1018,266,2973,5082,21709,2714,19988,14141,175,348,1831,5662,386,6281,758
Chile,CHL,2019,14896,Americas,18952038,5935,21801,2891,3143,8556,1389,111,2325,497,575,1400,984,330,639,1244,11179,14933,6244,14095,60,111,1781,958,0,2,0,6,5
China,CHN,2019,10262,Asia,1433783686,1516904,2599879,855385,383478,514659,231120,3270,416054,34444,20497,74859,86309,363029,15706,149531,2418665,1067554,1848274,764698,1900,7575,85238,89857,21,1048,50,1637,202
Colombia,COL,2019,6432,Americas,50339443,13306,40499,10421,7112,7563,2202,528,3556,3433,1824,4716,2834,2454,3435,2648,17296,34180,15711,25730,119,573,507,1365,1,70,11,144,53
Comoros,COM,2019,1394,Africa,850886,95,737,124,90,68,52,226,74,354,199,66,16,552,81,10,250,386,646,309,172,180,8,33,5,30,2,30,5
Congo,COG,2019,2011,Africa,5380508,1850,5091,369,562,1823,490,1561,297,1823,1015,4074,20,1638,503,282,1433,3077,3470,3044,1117,1001,142,175,65,107,24,209,87
Costa Rica,CRI,2019,12238,Americas,5047561,968,4858,727,796,1113,161,55,322,198,37,339,222,104,346,155,2118,3225,1068,2804,5,60,106,281,0,1,0,4,2
Croatia,HRV,2019,14853,Europe,4130304,3244,14718,4473,2642,2929,795,8,1500,42,2,171,822,169,675,1042,9640,9287,3390,7660,1,6,132,712,0,0,0,1,0
Cyprus,CYP,2019,27858,Asia,1179551,462,1835,142,393,333,102,1,160,20,7,33,28,1,96,210,1535,1606,458,802,0,2,30,99,0,0,0,0,0
Czechia,CZE,2019,23102,Europe,10689209,6562,24817,8719,5058,6728,2469,57,2390,100,126,465,1929,80,1823,2926,20716,23555,6607,17453,4,33,663,1068,0,0,0,2,0
Democratic Republic of Congo,COD,2019,545,Africa,86790567,12117,59047,2526,5984,15684,6646,29153,2185,36752,28885,13469,418,58038,6353,2648,15717,33939,69503,20750,20657,21535,769,2597,1570,4197,236,4073,2265
Denmark,DNK,2019,59822,Europe,5771876,1475,8695,647,1774,3524,504,10,718,89,50,207,369,2,366,1111,12728,5281,1467,4128,5,30,458,568,0,0,0,1,0
Djibouti,DJI,2019,3409,Africa,973560,460,828,128,127,90,139,264,116,511,460,950,55,201,72,14,491,467,658,360,188,228,14,39,4,48,4,46,24
Dominica,DMA,2019,8300,Americas,71808,33,153,13,29,32,1,1,8,9,3,12,1,4,6,19,41,138,37,115,0,3,1,3,0,0,0,0,0
Dominican Republic,DOM,2019,8282,Americas,10738958,3832,15595,1335,2789,3722,269,450,999,2921,673,1766,116,939,1324,2370,8202,9385,4766,9134,153,454,244,387,2,23,15,109,38
Ecuador,ECU,2019,6184,Americas,17373662,4295,12847,1986,2295,3964,331,276,724,1768,980,2169,1111,476,1220,1070,4804,13287,4762,13454,97,426,269,800,1,65,3,68,37
Egypt,EGY,2019,3020,Africa,100388073,92169,164710,5998,33386,6207,3990,3322,19667,6839,8979,542,9641,73,493,23586,74032,99353,91663,130342,2393,1338,1647,3405,27,1092,122,2215,102
El Salvador,SLV,2019,4187,Americas,6453553,1969,7398,1090,1082,2306,553,221,374,398,378,1096,58,618,516,278,1705,7159,2574,5260,132,250,110,361,1,12,1,25,6
Equatorial Guinea,GNQ,2019,8132,Africa,1355986,403,711,51,69,299,34,97,47,403,92,1901,1,84,56,51,192,496,486,506,34,108,53,25,1,11,1,16,12
Eritrea,ERI,2019,343,Africa,3497117,1424,3957,698,485,1345,555,3621,372,2788,3369,1813,152,3936,494,65,1465,2416,5336,1686,2708,2388,80,170,72,449,21,249,175
Estonia,EST,2019,23660,Europe,1325648,167,5418,197,789,1194,302,1,204,8,2,88,364,40,188,336,2196,1369,207,3026,0,4,223,54,0,0,0,0,0
Eswatini,SWZ,2019,3837,Africa,1148130,354,1128,74,107,620,150,396,87,381,294,3069,17,482,104,93,362,1203,832,1280,270,238,116,34,5,43,6,70,5
Ethiopia,ETH,2019,858,Africa,112078730,9657,41734,7993,6495,19602,7703,43174,1788,63958,39224,25418,3192,67827,4871,827,8123,25738,77020,14961,33702,27583,1191,2368,1344,6319,258,3635,1455
Fiji,FJI,2019,6220,Oceania,889953,331,1833,274,416,107,353,68,344,117,66,98,14,302,166,266,924,2740,634,2352,29,11,31,17,0,3,1,5,2
Finland,FIN,2019,48686,Europe,5532156,415,13799,997,2617,2634,1046,1,402,27,6,120,1038,2,861,1604,6763,9075,417,5581,1,9,638,744,0,0,0,0,0
France,FRA,2019,40494,Europe,65129728,14378,89170,6307,18559,42156,7900,88,4054,708,4600,2328,3557,37,4676,14767,80348,40295,14334,46898,36,262,5246,9997,0,1,1,6,4
Gabon,GAB,2019,7667,Africa,2172579,828,1805,138,182,897,51,192,117,476,152,1121,5,69,148,113,524,1420,895,1309,127,185,44,72,1,12,4,30,21
Gambia,GMB,2019,751,Africa,2347706,504,1801,150,209,508,260,460,224,999,428,1066,4,1493,176,74,611,982,1987,855,322,443,44,64,11,44,3,39,75
Georgia,GEO,2019,4769,Asia,3996765,3211,18802,2490,3770,2259,1462,7,1578,162,26,241,1039,1594,759,936,7172,10104,4787,8568,6,26,304,187,0,3,0,5,3
Germany,DEU,2019,46259,Europe,83517045,29401,224494,15941,33593,76279,12908,106,8062,892,630,3020,4569,30,9889,20216,143642,150713,29252,106143,51,314,5329,9281,0,1,1,5,3
Ghana,GHA,2019,2202,Africa,28833629,12869,26843,3379,3438,10154,915,5599,1232,11547,6066,14995,54,11065,2126,1275,5477,17728,23792,17781,3754,5757,606,874,135,518,29,591,356
Greece,GRC,2019,19583,Europe,10473455,6226,29056,2359,7431,3958,678,1,2616,125,10,358,567,41,279,2589,26258,15954,6219,13080,1,61,344,567,0,0,0,2,0
Grenada,GRD,2019,10966,Americas,112003,51,164,13,33,45,8,1,11,9,3,14,4,2,14,22,55,178,54,126,0,4,2,4,0,0,0,0,0
Guatemala,GTM,2019,4620,Americas,17581472,3789,11308,1751,1826,5890,1145,2027,1031,2505,3441,1792,371,5296,862,172,3788,14506,9065,8174,1186,1097,492,578,12,574,22,293,72
Guinea,GIN,2019,1064,Africa,12771246,2570,8995,849,989,1850,653,5562,1198,9501,8501,4695,39,13752,833,326,4250,5476,16242,3910,3898,5107,161,363,252,1442,41,996,529
Guinea-Bissau,GNB,2019,698,Africa,1920922,369,1506,137,158,591,172,1053,143,1422,899,1034,5,1639,176,55,301,873,1998,619,759,643,40,47,96,197,6,101,35
Guyana,GUY,2019,5468,Americas,782766,411,1478,119,216,474,164,49,117,171,69,214,10,55,112,174,423,1444,466,1129,21,50,22,35,0,3,1,7,4
Haiti,HTI,2019,755,Americas,11263770,1913,17247,1228,2417,4249,1510,3502,842,5949,4524,5570,305,12151,1874,1376,3117,12977,14018,5592,2483,2404,298,255,70,522,71,1011,350
Honduras,HND,2019,2575,Americas,9746117,1882,9885,1491,1224,2786,747,779,817,1447,511,476,699,3875,793,214,4226,7525,5720,5622,473,161,287,242,4,54,14,136,34
Hungary,HUN,2019,16476,Europe,9684679,7322,34377,12209,7228,9115,2780,59,3600,112,24,530,3327,1347,1057,2193,24823,22659,8617,20490,30,15,223,1063,0,1,0,2,1
Iceland,ISL,2019,66945,Europe,339031,19,374,37,88,71,33,0,30,4,2,6,23,0,29,56,345,228,19,204,0,1,21,21,0,0,0,0,0
India,IND,2019,2104,Asia,1366417754,1147669,1471889,174797,258257,343695,256232,508290,240098,445535,118283,78979,164172,606890,134007,96012,1013282,1121914,1667331,579108,291103,173939,72903,118682,1501,21575,676,17973,10098
Indonesia,IDN,2019,4136,Asia,270625568,110127,477723,91668,38678,17644,46157,45774,52555,30861,31566,12603,1810,76867,35542,24404,246359,259251,186267,186657,16362,10170,6012,10053,204,2344,213,2646,801
Iran,IRN,2019,5506,Asia,82913906,43536,99939,3876,29090,2976,2003,511,10607,6254,650,1154,3471,97,1672,14446,39926,68121,43203,61415,143,504,5980,3048,1,45,4,92,26
Iraq,IRQ,2019,5955,Asia,39309783,25637,55716,1845,11803,817,4485,382,6635,6620,881,354,6172,64,1040,8308,25199,38016,25626,36481,127,114,1098,773,5,122,11,169,55
Ireland,IRL,2019,78661,Europe,4882495,551,5786,336,954,1543,448,1,435,60,8,111,273,2,271,1003,6184,3655,552,2977,2,18,333,200,0,0,0,1,0
Israel,ISR,2019,43641,Asia,8519377,2479,8255,609,1869,651,184,13,542,175,51,180,37,4,40,1265,6144,7384,2456,5134,10,24,273,348,0,0,0,2,1
Italy,ITA,2019,33190,Europe,60550075,28153,123001,11912,32194,30365,4228,47,8374,463,577,2171,5401,121,3935,18354,90489,95753,27902,64136,26,142,6292,7590,0,0,0,5,2
Jamaica,JAM,2019,5582,Americas,2948279,964,3852,331,645,418,288,32,340,358,66,575,32,199,221,790,1721,4813,1160,3434,15,61,34,69,0,1,0,3,4
Japan,JPN,2019,40247,Asia,126860301,42742,196385,38087,30877,47795,19206,542,16796,358,1470,4499,12031,95,3448,20536,199396,101141,42565,51822,103,2360,10535,8921,0,8,1,12,5
Jordan,JOR,2019,4330,Asia,10101694,3145,8168,286,2044,186,564,29,1014,1433,194,84,173,2,297,1037,4742,6176,3131,7548,4,49,128,153,1,18,2,42,13
Kazakhstan,KAZ,2019,9731,Asia,18551427,10704,43243,4973,9455,9586,3450,29,3556,1265,376,914,2949,1424,374,2693,20164,22698,12039,22828,24,141,2552,419,1,28,1,63,9
Kenya,KEN,2019,1817,Africa,52573973,5738,27284,2923,2724,15862,3079,15405,1832,16142,12360,44890,1120,22109,2155,360,10246,13989,27739,15025,11367,10818,5534,1144,473,1361,95,2157,825
Kiribati,KIR,2019,1655,Oceania,117606,20,177,28,44,20,32,34,52,32,24,30,3,133,28,19,252,284,152,229,21,7,9,2,1,2,0,1,2
Kuwait,KWT,2019,32032,Asia,4207083,1551,2534,191,619,32,173,2,357,197,17,23,127,1,25,484,1524,1787,1543,2317,0,25,59,76,0,1,0,4,0
Kyrgyzstan,KGZ,2019,1309,Asia,6415850,2770,7868,1249,2929,2862,1087,57,1221,958,250,303,1202,1432,189,583,5025,2684,4159,4479,57,37,595,102,1,33,2,45,10
Laos,LAO,2019,2535,Asia,7169455,1484,8195,1799,680,2381,774,914,1382,2448,1492,557,127,6332,675,292,5848,6440,7766,3529,609,520,154,196,20,247,7,233,56
Latvia,LVA,2019,17836,Europe,1906743,1131,9326,637,1847,1614,817,1,496,18,3,159,650,104,381,1084,3690,2924,1234,4366,1,7,211,118,0,0,0,1,0
Lebanon,LBN,2019,7784,Asia,6855713,3389,9757,334,3146,262,160,40,1352,339,47,98,76,10,46,1858,7811,7144,3382,6165,2,50,229,110,0,4,0,8,2
Lesotho,LSO,2019,1158,Africa,2125268,884,2660,189,203,1661,488,1218,482,1011,758,10173,98,1633,265,129,2217,2586,2499,2328,893,925,348,95,16,99,9,102,30
Liberia,LBR,2019,622,Africa,4937374,672,2955,259,356,1181,334,2060,173,2086,1639,1747,96,2714,306,150,675,1946,3376,1719,1415,1247,71,103,52,231,25,234,174
Libya,LBY,2019,7684,Africa,6777452,3460,8654,285,2126,209,428,37,1161,280,51,166,446,8,347,1280,3663,5810,3445,6200,13,43,266,286,0,6,0,5,4
Lithuania,LTU,2019,19455,Europe,2759627,1280,12457,937,2665,2310,983,5,576,21,7,188,1020,61,562,1633,4934,3124,1340,5807,3,11,331,200,0,0,0,1,0
Luxembourg,LUX,2019,114705,Europe,615729,103,763,56,126,280,51,0,50,4,7,12,60,0,33,85,676,567,102,353,0,2,41,52,0,0,0,0,0
Madagascar,MDG,2019,522,Africa,26969307,2345,22665,3558,1772,4171,2695,15677,1457,13143,17338,3906,1086,21459,2573,260,5413,7743,23748,8532,12120,9003,328,439,688,3067,141,2038,448
Malawi,MWI,2019,412,Africa,18628747,1379,11117,1650,836,4415,1192,6472,696,8978,5691,13517,73,12379,1146,208,4746,6619,13717,4553,4796,4563,280,391,124,947,32,536,266
Malaysia,MYS,2019,11415,Asia,31949777,10888,41081,7908,6540,3388,2790,726,5964,1066,401,1806,83,111,3124,3539,24588,24609,10960,19105,80,472,1398,1400,0,25,1,28,42
Maldives,MDV,2019,10791,Asia,530953,59,338,66,65,13,32,9,46,57,8,7,14,23,22,29,205,240,81,110,3,4,16,8,0,1,0,1,1
Mali,MLI,2019,891,Africa,19658031,3424,11212,1116,1437,2071,1416,11881,1235,28277,28540,4722,251,22580,1187,403,3602,7433,25872,5318,8819,7736,182,513,699,2369,97,1849,900
Malta,MLT,2019,29416,Europe,440372,163,847,78,242,110,57,0,54,10,1,9,27,0,20,182,551,700,162,369,0,2,21,31,0,0,0,0,0
Marshall Islands,MHL,2019,3925,Oceania,58791,12,83,14,20,10,14,4,16,8,4,8,2,24,13,9,53,104,36,74,2,1,4,1,0,0,0,0,0
Mauritania,MRT,2019,1678,Africa,4525696,1428,2666,236,423,165,391,1279,211,1757,1098,223,243,1208,262,332,703,1394,2628,1755,932,794,8,123,20,98,10,178,98
Mauritius,MUS,2019,11204,Africa,1198575,606,2714,532,414,340,372,6,393,70,24,121,49,14,130,332,1041,3604,621,2236,3,4,119,39,0,1,0,1,1
Mexico,MEX,2019,9863,Americas,127575529,38854,129019,13030,15806,49889,6737,2394,10458,9817,8619,10872,6842,9854,7605,11983,48393,157908,48332,125591,953,1544,4009,5002,16,245,49,522,141
Micronesia (country),FSM,2019,3718,Oceania,113815,32,178,30,44,22,31,6,38,7,5,46,4,48,27,24,167,248,80,218,3,2,8,4,0,0,0,0,0
Moldova,MDA,2019,4499,Europe,4043263,2141,14997,793,2642,3800,1152,5,731,114,17,320,1479,282,779,957,5921,4426,2419,6769,4,41,473,111,0,1,0,7,1
Mongolia,MNG,2019,4295,Asia,3225167,2266,6318,833,1301,3340,1184,36,532,402,153,183,692,1009,687,178,3766,1119,3268,3587,29,52,415,84,0,19,1,29,8
Montenegro,MNE,2019,8832,Europe,627987,571,2295,703,319,492,66,0,244,9,1,24,102,168,13,93,1761,1453,738,1218,0,1,22,29,0,0,0,0,0
Morocco,MAR,2019,3204,Africa,36471769,27728,79904,2552,19647,1108,1786,959,6616,4771,1313,1587,5133,1679,1907,10683,21382,48117,29249,41920,301,636,1030,1720,21,127,32,325,94
Mozambique,MOZ,2019,492,Africa,30366036,1956,22250,3310,2092,4925,2985,7638,1333,19072,10596,54375,303,25017,2133,309,8058,12143,26921,7744,5694,6307,829,828,266,1392,62,1523,492
Myanmar,MMR,2019,1408,Asia,54045420,26148,85790,17774,7526,20452,12265,5541,10887,13907,6163,5599,134,49223,5895,3834,60039,68004,74544,31197,3355,3515,5833,2589,59,636,16,1026,295
Namibia,NAM,2019,4957,Africa,2494530,827,2400,150,282,1034,319,551,228,785,485,3465,170,775,199,217,1150,1804,1591,1559,348,359,155,73,3,36,7,69,13
Nauru,NRU,2019,9397,Oceania,10756,1,16,2,3,3,2,0,3,2,1,1,0,0,2,1,11,15,2,16,0,0,1,0,0,0,0,0,0
Nepal,NPL,2019,1071,Asia,28608710,23974,23697,3144,3640,6831,3102,4705,4436,8329,3030,2052,2606,21603,2429,1569,34201,15513,42115,9145,2669,1971,898,1599,26,324,3,272,308
Netherlands,NLD,2019,52448,Europe,17097130,4998,22941,1618,4443,7565,1722,10,1799,234,130,424,578,6,1328,1716,31530,14101,4970,11692,6,70,658,2365,0,0,0,2,1
New Zealand,NZL,2019,42084,Oceania,4783063,333,5970,430,1306,1352,406,13,347,86,16,97,145,3,341,918,4792,3414,334,3626,3,20,271,381,0,0,0,1,1
Nicaragua,NIC,2019,1913,Americas,6545502,1034,6547,961,814,1706,709,136,484,530,327,910,280,1735,578,191,1645,5973,2760,4342,85,106,104,196,0,28,4,51,6
Niger,NER,2019,555,Africa,23310715,3128,10655,990,1341,1041,1571,24716,1429,23541,37197,2319,23,26507,763,396,1982,5728,29505,3665,19008,14012,73,457,3647,9676,350,4771,809
Nigeria,NGA,2019,2230,Africa,200963599,70181,114125,8034,13981,45888,9743,157292,9917,187666,192437,68152,313,128259,6637,5345,17350,57698,197567,47586,103241,96521,12463,3922,2372,43324,1378,36925,4308
North Macedonia,MKD,2019,6093,Europe,2083459,2771,8394,2615,1401,972,398,2,890,100,7,98,142,535,51,448,5307,5861,3301,4676,1,2,122,84,0,1,0,2,0
Norway,NOR,2019,75420,Europe,5378857,454,6766,454,1555,1263,400,8,431,36,94,151,357,1,442,934,4818,4753,454,2781,4,26,385,736,0,0,0,0,0
Oman,OMN,2019,15474,Asia,4974986,1576,2996,108,713,67,78,21,305,283,30,100,336,6,127,538,812,2367,1576,2417,1,23,72,139,0,3,0,4,2
Pakistan,PAK,2019,1285,Asia,216565318,124913,220698,24191,54778,18214,29182,65455,30919,209471,60151,4505,17707,116090,24682,16293,134289,145454,235657,101135,30881,23033,8583,3302,339,11209,777,8756,3646
Palau,PLW,2019,16736,Oceania,18008,5,43,7,10,3,5,1,11,1,1,5,0,0,5,5,30,56,5,49,0,0,1,1,0,0,0,0,0
Panama,PAN,2019,15731,Americas,4246439,672,3506,532,416,866,282,111,198,291,220,718,106,154,281,129,1182,3485,823,2264,55,67,69,101,0,16,3,29,8
Papua New Guinea,PNG,2019,2845,Oceania,8776109,1183,6727,1274,1875,574,1361,2620,2581,3956,4463,3565,372,11169,1013,616,7155,10171,12351,5008,1984,1350,299,352,65,1143,36,441,176
Paraguay,PRY,2019,5415,Americas,7044636,1099,6565,817,937,2133,352,112,689,414,394,846,145,1194,535,480,4411,5755,2284,4820,50,139,195,242,1,11,3,37,18
Peru,PER,2019,6978,Americas,32510453,8997,19059,2712,2988,6740,1430,732,1192,3002,1599,3760,1196,2439,1485,1492,4489,13289,11414,14355,487,1583,547,968,3,119,8,94,66
Philippines,PHL,2019,3485,Asia,108116615,32138,127060,28264,15316,39802,9379,6654,21669,20872,11838,7212,1837,42675,10317,2727,95587,84253,74783,65200,1968,4622,1174,2314,285,1849,103,1292,270
Poland,POL,2019,15595,Europe,37887768,28426,90656,21621,20129,26320,8726,76,7774,486,134,2214,9126,2808,1825,9118,77669,62956,31119,57514,16,120,1826,2912,0,4,0,7,2
Portugal,PRT,2019,23145,Europe,10226187,2391,19637,1399,3580,7242,1148,24,1771,76,130,792,782,34,387,3448,12134,17739,2411,10091,25,93,600,745,0,0,0,2,0
Puerto Rico,PRI,2019,32874,Americas,2933408,434,5976,505,1170,1380,321,68,408,92,107,316,42,1,494,1155,2789,7146,434,5829,4,93,108,219,0,0,0,2,1
Qatar,QAT,2019,64782,Asia,2832067,548,726,31,222,75,14,2,117,76,5,12,28,0,3,163,418,842,545,963,0,3,39,51,0,0,0,1,1
Romania,ROU,2019,12920,Europe,19364557,14723,94376,27797,12934,19601,5119,38,6243,412,257,1967,6337,2434,338,6485,38999,27140,17138,42107,24,79,2263,870,0,23,1,50,3
Russia,RUS,2019,11585,Europe,145872256,75166,557781,62595,115639,154181,47586,161,35693,2530,883,15214,43529,2448,27048,41346,291357,196912,77516,283793,121,724,26479,6163,0,82,10,160,25
Rwanda,RWA,2019,802,Africa,12626950,1900,7159,1271,865,5223,28,3055,555,3971,3186,3702,232,7468,745,124,4959,4579,9286,3082,2259,2533,82,385,49,503,13,102,137
Saint Kitts and Nevis,KNA,2019,19896,Americas,52823,11,106,8,16,26,13,2,7,5,4,30,2,1,7,12,25,94,12,80,0,2,2,2,0,0,0,0,0
Saint Lucia,LCA,2019,11611,Americas,182790,80,276,23,44,86,18,3,16,14,6,21,4,5,20,40,106,290,85,199,1,4,3,7,0,0,0,0,0
Saint Vincent and the Grenadines,VCT,2019,7464,Americas,110589,62,215,18,39,56,10,3,15,11,8,29,2,4,17,35,62,236,67,162,1,4,2,5,0,0,0,0,0
Samoa,WSM,2019,4316,Oceania,197097,42,317,20,70,26,39,7,66,14,8,21,1,139,43,37,234,341,181,282,1,2,9,6,1,1,0,0,0
San Marino,SMR,2019,47280,Europe,33860,7,52,4,10,16,3,0,3,0,0,1,1,0,2,7,42,32,7,26,0,0,1,2,0,0,0,0,0
Sao Tome and Principe,STP,2019,1995,Africa,215056,55,198,16,28,65,7,9,6,38,17,17,1,87,18,7,44,95,140,98,5,22,1,7,0,2,0,1,1
Saudi Arabia,SAU,2019,23140,Asia,34268528,18105,28995,1165,7131,722,2314,151,4037,799,123,617,2546,37,1823,6143,12271,19543,18036,28039,20,218,722,2335,0,6,1,11,28
Senegal,SEN,2019,1447,Africa,16296364,3467,11500,983,1366,1042,1435,5348,1513,8672,3896,2273,54,9075,851,661,3108,7931,12483,5265,3821,3125,88,432,93,441,41,623,424
Serbia,SRB,2019,7402,Europe,8772235,10721,39546,11687,6362,5066,1458,14,3480,142,19,667,1786,1969,1425,2375,24350,25625,12668,19161,4,16,598,414,0,1,0,3,1
Seychelles,SYC,2019,17402,Africa,97739,35,178,30,20,57,11,4,19,6,3,12,3,0,13,9,106,121,36,88,1,3,7,3,0,0,0,0,0
Sierra Leone,SLE,2019,504,Africa,7813215,1591,6471,530,678,1904,715,3250,832,5600,4940,2999,15,7813,558,244,2225,2495,9371,2064,2372,2853,70,215,61,790,22,531,301
Singapore,SGP,2019,65233,Asia,5804337,1378,3475,870,674,307,180,5,296,26,6,140,188,2,113,373,2814,2350,1374,1777,1,67,156,91,0,0,0,1,0
Slovakia,SVK,2019,19329,Europe,5457013,3549,15955,4852,3457,3493,1335,4,1280,102,21,246,903,34,763,1212,8225,7079,3573,8779,1,16,366,376,0,2,0,3,0
Slovenia,SVN,2019,25739,Europe,2078654,886,4586,1397,624,1115,174,1,344,13,1,64,151,62,176,297,2980,2020,940,2605,0,6,169,322,0,0,0,0,0
Solomon Islands,SLB,2019,2128,Oceania,669823,109,951,176,284,59,209,183,272,107,102,91,62,1211,232,82,1026,1192,1320,970,144,42,41,26,3,14,1,8,11
South Africa,ZAF,2019,6001,Africa,58558270,25381,61473,3290,5243,27060,8375,9506,7297,15633,7157,136978,3773,4590,3900,5961,32836,54459,29830,55365,5401,7428,5486,1821,74,850,190,1571,298
South Korea,KOR,2019,31762,Asia,51225308,23391,37142,12252,5985,26892,4410,138,4045,419,135,1421,1485,15,1199,5401,51575,39832,23115,19333,25,323,2212,3658,0,1,1,3,5
South Sudan,SSD,2019,275,Africa,11062113,1441,4697,751,494,575,391,5997,523,7895,8535,4456,50,7678,448,83,1919,2689,9088,2434,4554,4050,103,175,138,1137,22,999,151
Spain,ESP,2019,29614,Europe,46736776,11774,72106,2913,12753,19330,2332,52,5658,359,312,1763,1756,178,2142,9783,66331,54535,11785,42038,13,166,1724,2789,0,0,0,5,1
Sri Lanka,LKA,2019,3853,Asia,21323733,7538,29938,6051,4224,7296,3857,748,3027,862,262,547,121,6643,2353,1784,11071,31714,14114,15936,376,317,204,1302,1,13,0,7,14
Sudan,SDN,2019,442,Africa,42813238,17006,50501,1730,11581,494,3394,5480,4568,18959,7161,3619,4042,11310,3107,8856,16147,26177,28163,24442,4181,3003,2167,922,156,992,50,1113,451
Suriname,SUR,2019,6855,Americas,581372,261,829,74,126,214,74,29,95,113,27,132,6,47,75,110,451,845,308,657,10,21,14,23,0,1,0,5,2
Sweden,SWE,2019,51610,Europe,10036379,757,19501,1495,4105,4340,1225,19,739,81,110,299,702,3,1155,1988,13692,11975,758,8795,11,40,734,1233,0,0,0,1,0
Switzerland,CHE,2019,81994,Europe,8591365,1621,12571,978,2680,3938,795,5,677,117,78,233,313,1,715,1809,10216,7841,1608,6129,2,23,618,1268,0,0,0,1,0
Taiwan,TWN,2019,24828,Asia,23773876,12127,25695,5005,5035,11192,1417,35,5030,252,135,1145,185,492,668,3114,26645,26122,12527,14957,9,241,2258,1421,0,1,0,3,2
Tajikistan,TJK,2019,871,Asia,9321018,4890,13064,1649,3512,1732,1568,550,1364,2020,1761,181,1605,2607,230,484,4634,8016,7455,4665,465,322,436,85,12,281,15,308,10
Tanzania,TZA,2019,1122,Africa,58005463,6427,38944,8061,2933,19290,2949,13203,3616,32244,18614,26737,77,39165,3144,641,17914,18757,45491,17605,9496,12545,2019,1261,305,3437,46,1412,1233
Thailand,THA,2019,7808,Asia,69037513,33772,69032,14894,8064,39223,4329,5010,9435,1369,1248,17611,146,7450,6467,5213,62859,65179,40878,43873,260,3043,10674,3784,2,42,5,70,31
Togo,TGO,2019,676,Africa,8082366,1699,5729,503,699,1568,896,5038,512,4209,3907,3525,19,5060,630,223,2292,2394,6713,2618,3545,2823,146,186,145,488,40,631,123
Tonga,TON,2019,4862,Oceania,110940,21,116,20,24,9,16,2,26,9,6,9,2,31,13,17,100,159,52,116,1,1,8,3,0,0,0,0,0
Trinidad and Tobago,TTO,2019,17276,Americas,1394973,891,2697,209,586,399,323,17,285,113,32,270,19,1,220,580,1028,3448,892,2611,4,21,30,42,0,0,0,3,1
Tunisia,TUN,2019,3318,Africa,11694719,7553,19680,692,5281,723,795,76,2405,738,79,268,428,21,339,1605,10859,14656,7530,12000,27,115,393,473,0,7,0,15,7
Turkey,TUR,2019,9042,Asia,83429615,44457,109162,2670,28866,3941,1359,469,14606,5769,1105,1375,1087,236,320,16158,86170,72369,44166,80118,108,924,1309,3178,3,48,8,77,40
Turkmenistan,TKM,2019,7816,Asia,5942089,3608,11339,1354,3032,2349,748,47,1476,766,556,213,1695,5,58,590,4044,4701,3608,6872,36,64,545,37,0,56,1,73,9
Tuvalu,TUV,2019,4059,Oceania,11646,2,25,4,5,1,4,1,5,1,1,2,0,2,3,3,17,28,4,19,0,0,1,0,0,0,0,0,0
Uganda,UGA,2019,777,Africa,44269594,4808,18453,2932,1877,15356,523,9199,1224,24873,11049,20001,68,23001,1970,328,6273,12290,27677,8393,6882,7145,141,864,383,1903,73,831,403
Ukraine,UKR,2019,3659,Europe,43993638,43458,237926,13637,66765,44744,25488,44,16078,835,168,5480,29883,2728,5983,12349,113389,70344,46129,116655,31,272,9361,1602,0,19,1,22,9
United Arab Emirates,ARE,2019,43103,Asia,9770529,3401,5983,293,1470,553,323,26,937,65,7,150,26,0,293,1120,3726,4276,3361,7623,1,27,1008,367,0,1,0,1,2
United Kingdom,GBR,2019,42300,Europe,67530172,15050,87762,6668,20849,25242,10067,40,8277,1339,162,1956,11140,12,5936,14335,119777,75454,15026,56216,8,444,5014,4962,0,2,1,11,4
United States,USA,2019,65281,Americas,329064917,60572,495201,48501,102247,136663,40172,382,35583,9606,5898,14354,11029,150,27977,37147,527736,439379,60229,393859,682,987,104736,27681,0,14,5,75,114
Uruguay,URY,2019,16190,Americas,3461734,769,5527,751,1183,1689,396,57,789,122,119,362,401,53,407,428,4864,3283,820,3222,7,42,243,246,0,2,0,3,1
Uzbekistan,UZB,2019,1725,Asia,32981716,26991,62465,7416,20155,9562,5139,86,6078,4293,3462,1353,9943,3164,228,2810,22193,41043,30096,39317,89,500,3042,452,1,421,2,737,42
Vanuatu,VUT,2019,3058,Oceania,299882,55,596,86,103,46,53,56,64,57,36,29,9,361,66,24,247,432,416,333,40,22,17,8,1,5,0,4,2
Venezuela,VEN,2019,2548,Americas,28515829,12556,43139,6543,5686,8621,2590,773,3753,2863,1072,4133,4257,88,3171,1221,16769,35108,12617,26819,292,447,499,1147,3,66,13,168,63
Vietnam,VNM,2019,2715,Asia,96462106,38776,158375,32155,11915,52984,15136,1251,19085,5286,1537,7521,769,33247,6123,5556,97074,106478,71701,37981,605,2053,9605,8390,7,239,2,246,30
Yemen,YEM,2019,943,Asia,29161922,11598,30564,1241,9048,861,3610,5351,4467,17173,7456,552,3694,9709,3622,3670,17306,14467,21184,11780,3394,2198,563,923,203,1316,151,1985,498
Zambia,ZMB,2019,1291,Africa,17861030,3048,10340,1828,873,6870,2056,5915,919,8286,6364,19582,71,8822,1201,329,4673,6353,11826,6074,4133,3975,394,398,113,1089,44,739,177
Zimbabwe,ZWE,2019,1464,Africa,14645468,2680,12241,1140,1475,5156,1960,3914,1646,7946,5801,19025,256,10019,1382,345,8838,9797,12667,6475,2531,4113,963,438,81,585,16,631,259